[
{
  "model": "admin.logentry",
  "pk": 1,
  "fields": {
    "action_time": "2023-09-17T11:54:21.681Z",
    "user": 1,
    "content_type": 8,
    "object_id": "1",
    "object_repr": "images/flower.jpg",
    "action_flag": 1,
    "change_message": "[{\"added\": {}}]"
  }
},
{
  "model": "admin.logentry",
  "pk": 2,
  "fields": {
    "action_time": "2023-09-17T11:54:26.684Z",
    "user": 1,
    "content_type": 7,
    "object_id": "1",
    "object_repr": "admin, django",
    "action_flag": 1,
    "change_message": "[{\"added\": {}}]"
  }
},
{
  "model": "admin.logentry",
  "pk": 3,
  "fields": {
    "action_time": "2023-09-17T11:56:16.521Z",
    "user": 1,
    "content_type": 7,
    "object_id": "1",
    "object_repr": "admin, django",
    "action_flag": 3,
    "change_message": ""
  }
},
{
  "model": "admin.logentry",
  "pk": 4,
  "fields": {
    "action_time": "2023-09-17T11:56:22.289Z",
    "user": 1,
    "content_type": 8,
    "object_id": "1",
    "object_repr": "images/flower.jpg",
    "action_flag": 3,
    "change_message": ""
  }
},
{
  "model": "admin.logentry",
  "pk": 5,
  "fields": {
    "action_time": "2023-09-17T11:57:37.145Z",
    "user": 1,
    "content_type": 8,
    "object_id": "2",
    "object_repr": "images/flower_PRWLct4.jpg",
    "action_flag": 1,
    "change_message": "[{\"added\": {}}]"
  }
},
{
  "model": "admin.logentry",
  "pk": 6,
  "fields": {
    "action_time": "2023-09-17T11:57:43.145Z",
    "user": 1,
    "content_type": 7,
    "object_id": "2",
    "object_repr": "abc, ss",
    "action_flag": 1,
    "change_message": "[{\"added\": {}}]"
  }
},
{
  "model": "admin.logentry",
  "pk": 7,
  "fields": {
    "action_time": "2023-09-17T12:00:00.321Z",
    "user": 1,
    "content_type": 7,
    "object_id": "2",
    "object_repr": "admin, ss",
    "action_flag": 2,
    "change_message": "[{\"changed\": {\"fields\": [\"User\"]}}]"
  }
},
{
  "model": "admin.logentry",
  "pk": 8,
  "fields": {
    "action_time": "2023-09-17T12:07:39.395Z",
    "user": 1,
    "content_type": 7,
    "object_id": "2",
    "object_repr": "admin, ss",
    "action_flag": 3,
    "change_message": ""
  }
},
{
  "model": "admin.logentry",
  "pk": 9,
  "fields": {
    "action_time": "2023-09-17T12:07:44.650Z",
    "user": 1,
    "content_type": 8,
    "object_id": "2",
    "object_repr": "images/flower_PRWLct4.jpg",
    "action_flag": 3,
    "change_message": ""
  }
},
{
  "model": "admin.logentry",
  "pk": 10,
  "fields": {
    "action_time": "2023-09-17T12:24:08.431Z",
    "user": 1,
    "content_type": 8,
    "object_id": "3",
    "object_repr": "images/flower_rlAKcGA.jpg",
    "action_flag": 1,
    "change_message": "[{\"added\": {}}]"
  }
},
{
  "model": "admin.logentry",
  "pk": 11,
  "fields": {
    "action_time": "2023-09-17T12:24:13.806Z",
    "user": 1,
    "content_type": 7,
    "object_id": "3",
    "object_repr": "admin, django",
    "action_flag": 1,
    "change_message": "[{\"added\": {}}]"
  }
},
{
  "model": "admin.logentry",
  "pk": 12,
  "fields": {
    "action_time": "2023-09-17T12:26:34.018Z",
    "user": 1,
    "content_type": 8,
    "object_id": "4",
    "object_repr": "images/420120.jpg",
    "action_flag": 1,
    "change_message": "[{\"added\": {}}]"
  }
},
{
  "model": "admin.logentry",
  "pk": 13,
  "fields": {
    "action_time": "2023-09-17T12:26:35.620Z",
    "user": 1,
    "content_type": 7,
    "object_id": "3",
    "object_repr": "admin, django",
    "action_flag": 2,
    "change_message": "[{\"changed\": {\"fields\": [\"Images\"]}}]"
  }
},
{
  "model": "admin.logentry",
  "pk": 14,
  "fields": {
    "action_time": "2023-09-17T12:28:45.482Z",
    "user": 1,
    "content_type": 7,
    "object_id": "3",
    "object_repr": "admin, django",
    "action_flag": 2,
    "change_message": "[{\"changed\": {\"fields\": [\"IsCompleted\"]}}]"
  }
},
{
  "model": "admin.logentry",
  "pk": 15,
  "fields": {
    "action_time": "2023-09-17T12:31:49.006Z",
    "user": 1,
    "content_type": 4,
    "object_id": "2",
    "object_repr": "abc",
    "action_flag": 2,
    "change_message": "[{\"changed\": {\"fields\": [\"password\"]}}]"
  }
},
{
  "model": "admin.logentry",
  "pk": 16,
  "fields": {
    "action_time": "2023-09-17T12:41:25.860Z",
    "user": 1,
    "content_type": 7,
    "object_id": "3",
    "object_repr": "admin, django",
    "action_flag": 3,
    "change_message": ""
  }
},
{
  "model": "admin.logentry",
  "pk": 17,
  "fields": {
    "action_time": "2023-09-17T12:47:09.985Z",
    "user": 1,
    "content_type": 8,
    "object_id": "4",
    "object_repr": "images/420120.jpg",
    "action_flag": 3,
    "change_message": ""
  }
},
{
  "model": "admin.logentry",
  "pk": 18,
  "fields": {
    "action_time": "2023-09-17T12:47:09.988Z",
    "user": 1,
    "content_type": 8,
    "object_id": "3",
    "object_repr": "images/flower_rlAKcGA.jpg",
    "action_flag": 3,
    "change_message": ""
  }
},
{
  "model": "admin.logentry",
  "pk": 19,
  "fields": {
    "action_time": "2023-09-17T12:48:11.121Z",
    "user": 1,
    "content_type": 8,
    "object_id": "5",
    "object_repr": "images/flower.jpg",
    "action_flag": 1,
    "change_message": "[{\"added\": {}}]"
  }
},
{
  "model": "admin.logentry",
  "pk": 20,
  "fields": {
    "action_time": "2023-09-17T12:48:21.706Z",
    "user": 1,
    "content_type": 7,
    "object_id": "4",
    "object_repr": "admin, django",
    "action_flag": 1,
    "change_message": "[{\"added\": {}}]"
  }
},
{
  "model": "admin.logentry",
  "pk": 21,
  "fields": {
    "action_time": "2023-09-17T12:48:37.962Z",
    "user": 1,
    "content_type": 8,
    "object_id": "6",
    "object_repr": "images/420120.jpg",
    "action_flag": 1,
    "change_message": "[{\"added\": {}}]"
  }
},
{
  "model": "admin.logentry",
  "pk": 22,
  "fields": {
    "action_time": "2023-09-17T12:48:39.873Z",
    "user": 1,
    "content_type": 7,
    "object_id": "4",
    "object_repr": "admin, django",
    "action_flag": 2,
    "change_message": "[{\"changed\": {\"fields\": [\"Images\"]}}]"
  }
},
{
  "model": "admin.logentry",
  "pk": 23,
  "fields": {
    "action_time": "2023-09-17T12:50:01.685Z",
    "user": 1,
    "content_type": 7,
    "object_id": "5",
    "object_repr": "admin, Flutter",
    "action_flag": 1,
    "change_message": "[{\"added\": {}}]"
  }
},
{
  "model": "admin.logentry",
  "pk": 24,
  "fields": {
    "action_time": "2023-09-17T12:50:21.927Z",
    "user": 1,
    "content_type": 7,
    "object_id": "4",
    "object_repr": "admin, django",
    "action_flag": 2,
    "change_message": "[{\"changed\": {\"fields\": [\"IsCompleted\"]}}]"
  }
},
{
  "model": "admin.logentry",
  "pk": 25,
  "fields": {
    "action_time": "2023-09-17T13:29:56.656Z",
    "user": 1,
    "content_type": 8,
    "object_id": "7",
    "object_repr": "images/flower_ljKQjk2.jpg",
    "action_flag": 1,
    "change_message": "[{\"added\": {}}]"
  }
},
{
  "model": "admin.logentry",
  "pk": 26,
  "fields": {
    "action_time": "2023-09-17T13:30:02.286Z",
    "user": 1,
    "content_type": 7,
    "object_id": "6",
    "object_repr": "admin, django",
    "action_flag": 1,
    "change_message": "[{\"added\": {}}]"
  }
},
{
  "model": "admin.logentry",
  "pk": 27,
  "fields": {
    "action_time": "2023-09-17T15:38:52.401Z",
    "user": 1,
    "content_type": 8,
    "object_id": "8",
    "object_repr": "images/420120_SP9OPjQ.jpg",
    "action_flag": 1,
    "change_message": "[{\"added\": {}}]"
  }
},
{
  "model": "admin.logentry",
  "pk": 28,
  "fields": {
    "action_time": "2023-09-17T15:38:54.284Z",
    "user": 1,
    "content_type": 7,
    "object_id": "6",
    "object_repr": "admin, django",
    "action_flag": 2,
    "change_message": "[{\"changed\": {\"fields\": [\"Images\"]}}]"
  }
},
{
  "model": "admin.logentry",
  "pk": 29,
  "fields": {
    "action_time": "2023-09-17T17:37:21.898Z",
    "user": 1,
    "content_type": 7,
    "object_id": "7",
    "object_repr": "admin, testing",
    "action_flag": 3,
    "change_message": ""
  }
},
{
  "model": "admin.logentry",
  "pk": 30,
  "fields": {
    "action_time": "2023-09-17T17:37:33.095Z",
    "user": 1,
    "content_type": 8,
    "object_id": "9",
    "object_repr": "images/tai-bui-QW89whdEClA-unsplash.jpg",
    "action_flag": 3,
    "change_message": ""
  }
},
{
  "model": "admin.logentry",
  "pk": 31,
  "fields": {
    "action_time": "2023-09-17T18:08:39.320Z",
    "user": 1,
    "content_type": 7,
    "object_id": "9",
    "object_repr": "admin, tst",
    "action_flag": 2,
    "change_message": "[{\"changed\": {\"fields\": [\"Description\", \"Images\"]}}]"
  }
},
{
  "model": "admin.logentry",
  "pk": 32,
  "fields": {
    "action_time": "2023-09-17T18:09:11.916Z",
    "user": 1,
    "content_type": 7,
    "object_id": "9",
    "object_repr": "admin, Django",
    "action_flag": 2,
    "change_message": "[{\"changed\": {\"fields\": [\"Title\"]}}]"
  }
},
{
  "model": "admin.logentry",
  "pk": 33,
  "fields": {
    "action_time": "2023-09-17T18:14:50.960Z",
    "user": 1,
    "content_type": 4,
    "object_id": "1",
    "object_repr": "admin",
    "action_flag": 2,
    "change_message": "[{\"changed\": {\"fields\": [\"First name\", \"Last name\"]}}]"
  }
},
{
  "model": "admin.logentry",
  "pk": 34,
  "fields": {
    "action_time": "2023-09-17T18:29:28.734Z",
    "user": 1,
    "content_type": 8,
    "object_id": "13",
    "object_repr": "images/420120_BJkgnl2.jpg",
    "action_flag": 3,
    "change_message": ""
  }
},
{
  "model": "admin.logentry",
  "pk": 35,
  "fields": {
    "action_time": "2023-09-17T18:29:28.736Z",
    "user": 1,
    "content_type": 8,
    "object_id": "12",
    "object_repr": "images/flower_faPeulD.jpg",
    "action_flag": 3,
    "change_message": ""
  }
},
{
  "model": "admin.logentry",
  "pk": 36,
  "fields": {
    "action_time": "2023-09-17T18:29:28.737Z",
    "user": 1,
    "content_type": 8,
    "object_id": "11",
    "object_repr": "images/tai-bui-QW89whdEClA-unsplash_t5WcBpN.jpg",
    "action_flag": 3,
    "change_message": ""
  }
},
{
  "model": "admin.logentry",
  "pk": 37,
  "fields": {
    "action_time": "2023-09-17T18:29:43.703Z",
    "user": 1,
    "content_type": 7,
    "object_id": "9",
    "object_repr": "admin, Django",
    "action_flag": 3,
    "change_message": ""
  }
},
{
  "model": "admin.logentry",
  "pk": 38,
  "fields": {
    "action_time": "2023-09-17T18:41:46.523Z",
    "user": 1,
    "content_type": 4,
    "object_id": "2",
    "object_repr": "abc",
    "action_flag": 3,
    "change_message": ""
  }
},
{
  "model": "admin.logentry",
  "pk": 39,
  "fields": {
    "action_time": "2023-09-17T18:41:46.525Z",
    "user": 1,
    "content_type": 4,
    "object_id": "3",
    "object_repr": "partho",
    "action_flag": 3,
    "change_message": ""
  }
},
{
  "model": "admin.logentry",
  "pk": 40,
  "fields": {
    "action_time": "2023-09-17T18:41:46.526Z",
    "user": 1,
    "content_type": 4,
    "object_id": "4",
    "object_repr": "tom@gmail.com",
    "action_flag": 3,
    "change_message": ""
  }
},
{
  "model": "admin.logentry",
  "pk": 41,
  "fields": {
    "action_time": "2023-09-17T18:42:07.185Z",
    "user": 1,
    "content_type": 4,
    "object_id": "5",
    "object_repr": "bdskynet75@gmail.com",
    "action_flag": 3,
    "change_message": ""
  }
},
{
  "model": "admin.logentry",
  "pk": 42,
  "fields": {
    "action_time": "2023-09-17T19:33:05.417Z",
    "user": 1,
    "content_type": 7,
    "object_id": "12",
    "object_repr": "admin, Flower 1",
    "action_flag": 2,
    "change_message": "[{\"changed\": {\"fields\": [\"Title\"]}}]"
  }
},
{
  "model": "auth.permission",
  "pk": 1,
  "fields": {
    "name": "Can add log entry",
    "content_type": 1,
    "codename": "add_logentry"
  }
},
{
  "model": "auth.permission",
  "pk": 2,
  "fields": {
    "name": "Can change log entry",
    "content_type": 1,
    "codename": "change_logentry"
  }
},
{
  "model": "auth.permission",
  "pk": 3,
  "fields": {
    "name": "Can delete log entry",
    "content_type": 1,
    "codename": "delete_logentry"
  }
},
{
  "model": "auth.permission",
  "pk": 4,
  "fields": {
    "name": "Can view log entry",
    "content_type": 1,
    "codename": "view_logentry"
  }
},
{
  "model": "auth.permission",
  "pk": 5,
  "fields": {
    "name": "Can add permission",
    "content_type": 2,
    "codename": "add_permission"
  }
},
{
  "model": "auth.permission",
  "pk": 6,
  "fields": {
    "name": "Can change permission",
    "content_type": 2,
    "codename": "change_permission"
  }
},
{
  "model": "auth.permission",
  "pk": 7,
  "fields": {
    "name": "Can delete permission",
    "content_type": 2,
    "codename": "delete_permission"
  }
},
{
  "model": "auth.permission",
  "pk": 8,
  "fields": {
    "name": "Can view permission",
    "content_type": 2,
    "codename": "view_permission"
  }
},
{
  "model": "auth.permission",
  "pk": 9,
  "fields": {
    "name": "Can add group",
    "content_type": 3,
    "codename": "add_group"
  }
},
{
  "model": "auth.permission",
  "pk": 10,
  "fields": {
    "name": "Can change group",
    "content_type": 3,
    "codename": "change_group"
  }
},
{
  "model": "auth.permission",
  "pk": 11,
  "fields": {
    "name": "Can delete group",
    "content_type": 3,
    "codename": "delete_group"
  }
},
{
  "model": "auth.permission",
  "pk": 12,
  "fields": {
    "name": "Can view group",
    "content_type": 3,
    "codename": "view_group"
  }
},
{
  "model": "auth.permission",
  "pk": 13,
  "fields": {
    "name": "Can add user",
    "content_type": 4,
    "codename": "add_user"
  }
},
{
  "model": "auth.permission",
  "pk": 14,
  "fields": {
    "name": "Can change user",
    "content_type": 4,
    "codename": "change_user"
  }
},
{
  "model": "auth.permission",
  "pk": 15,
  "fields": {
    "name": "Can delete user",
    "content_type": 4,
    "codename": "delete_user"
  }
},
{
  "model": "auth.permission",
  "pk": 16,
  "fields": {
    "name": "Can view user",
    "content_type": 4,
    "codename": "view_user"
  }
},
{
  "model": "auth.permission",
  "pk": 17,
  "fields": {
    "name": "Can add content type",
    "content_type": 5,
    "codename": "add_contenttype"
  }
},
{
  "model": "auth.permission",
  "pk": 18,
  "fields": {
    "name": "Can change content type",
    "content_type": 5,
    "codename": "change_contenttype"
  }
},
{
  "model": "auth.permission",
  "pk": 19,
  "fields": {
    "name": "Can delete content type",
    "content_type": 5,
    "codename": "delete_contenttype"
  }
},
{
  "model": "auth.permission",
  "pk": 20,
  "fields": {
    "name": "Can view content type",
    "content_type": 5,
    "codename": "view_contenttype"
  }
},
{
  "model": "auth.permission",
  "pk": 21,
  "fields": {
    "name": "Can add session",
    "content_type": 6,
    "codename": "add_session"
  }
},
{
  "model": "auth.permission",
  "pk": 22,
  "fields": {
    "name": "Can change session",
    "content_type": 6,
    "codename": "change_session"
  }
},
{
  "model": "auth.permission",
  "pk": 23,
  "fields": {
    "name": "Can delete session",
    "content_type": 6,
    "codename": "delete_session"
  }
},
{
  "model": "auth.permission",
  "pk": 24,
  "fields": {
    "name": "Can view session",
    "content_type": 6,
    "codename": "view_session"
  }
},
{
  "model": "auth.permission",
  "pk": 25,
  "fields": {
    "name": "Can add task",
    "content_type": 7,
    "codename": "add_task"
  }
},
{
  "model": "auth.permission",
  "pk": 26,
  "fields": {
    "name": "Can change task",
    "content_type": 7,
    "codename": "change_task"
  }
},
{
  "model": "auth.permission",
  "pk": 27,
  "fields": {
    "name": "Can delete task",
    "content_type": 7,
    "codename": "delete_task"
  }
},
{
  "model": "auth.permission",
  "pk": 28,
  "fields": {
    "name": "Can view task",
    "content_type": 7,
    "codename": "view_task"
  }
},
{
  "model": "auth.permission",
  "pk": 29,
  "fields": {
    "name": "Can add task image",
    "content_type": 8,
    "codename": "add_taskimage"
  }
},
{
  "model": "auth.permission",
  "pk": 30,
  "fields": {
    "name": "Can change task image",
    "content_type": 8,
    "codename": "change_taskimage"
  }
},
{
  "model": "auth.permission",
  "pk": 31,
  "fields": {
    "name": "Can delete task image",
    "content_type": 8,
    "codename": "delete_taskimage"
  }
},
{
  "model": "auth.permission",
  "pk": 32,
  "fields": {
    "name": "Can view task image",
    "content_type": 8,
    "codename": "view_taskimage"
  }
},
{
  "model": "auth.permission",
  "pk": 33,
  "fields": {
    "name": "Can add Token",
    "content_type": 9,
    "codename": "add_token"
  }
},
{
  "model": "auth.permission",
  "pk": 34,
  "fields": {
    "name": "Can change Token",
    "content_type": 9,
    "codename": "change_token"
  }
},
{
  "model": "auth.permission",
  "pk": 35,
  "fields": {
    "name": "Can delete Token",
    "content_type": 9,
    "codename": "delete_token"
  }
},
{
  "model": "auth.permission",
  "pk": 36,
  "fields": {
    "name": "Can view Token",
    "content_type": 9,
    "codename": "view_token"
  }
},
{
  "model": "auth.permission",
  "pk": 37,
  "fields": {
    "name": "Can add token",
    "content_type": 10,
    "codename": "add_tokenproxy"
  }
},
{
  "model": "auth.permission",
  "pk": 38,
  "fields": {
    "name": "Can change token",
    "content_type": 10,
    "codename": "change_tokenproxy"
  }
},
{
  "model": "auth.permission",
  "pk": 39,
  "fields": {
    "name": "Can delete token",
    "content_type": 10,
    "codename": "delete_tokenproxy"
  }
},
{
  "model": "auth.permission",
  "pk": 40,
  "fields": {
    "name": "Can view token",
    "content_type": 10,
    "codename": "view_tokenproxy"
  }
},
{
  "model": "auth.user",
  "pk": 1,
  "fields": {
    "password": "pbkdf2_sha256$600000$OskJpyVAe8dAciVj2n8Vbj$Lzvhh+pgSm7rlsyQpgEOSRKwIG1x2rgtkBx5f8Q2tng=",
    "last_login": "2023-09-17T19:04:21.401Z",
    "is_superuser": true,
    "username": "admin",
    "first_name": "Mr",
    "last_name": "Admin",
    "email": "admin@gmail.com",
    "is_staff": true,
    "is_active": true,
    "date_joined": "2023-09-17T10:28:14Z",
    "groups": [],
    "user_permissions": []
  }
},
{
  "model": "auth.user",
  "pk": 6,
  "fields": {
    "password": "pbkdf2_sha256$600000$hjXzumS42ehT000IpewS1u$f1Vpe+DOepHiptmcIFGQFqF5/exfnNr2LjBHHScVGSc=",
    "last_login": "2023-09-17T18:44:19.453Z",
    "is_superuser": false,
    "username": "partho",
    "first_name": "Partho",
    "last_name": "Debnath",
    "email": "",
    "is_staff": false,
    "is_active": true,
    "date_joined": "2023-09-17T18:43:54.908Z",
    "groups": [],
    "user_permissions": []
  }
},
{
  "model": "auth.user",
  "pk": 7,
  "fields": {
    "password": "pbkdf2_sha256$600000$q3zhkNTPmj60gButb7GIEo$U76O44TvcoIQKrX77CZ8dBSm79uCgttkOmOe2s5Ak30=",
    "last_login": null,
    "is_superuser": false,
    "username": "mir",
    "first_name": "Mirr",
    "last_name": "Debnath",
    "email": "",
    "is_staff": false,
    "is_active": true,
    "date_joined": "2023-09-18T06:42:45.502Z",
    "groups": [],
    "user_permissions": []
  }
},
{
  "model": "contenttypes.contenttype",
  "pk": 1,
  "fields": {
    "app_label": "admin",
    "model": "logentry"
  }
},
{
  "model": "contenttypes.contenttype",
  "pk": 2,
  "fields": {
    "app_label": "auth",
    "model": "permission"
  }
},
{
  "model": "contenttypes.contenttype",
  "pk": 3,
  "fields": {
    "app_label": "auth",
    "model": "group"
  }
},
{
  "model": "contenttypes.contenttype",
  "pk": 4,
  "fields": {
    "app_label": "auth",
    "model": "user"
  }
},
{
  "model": "contenttypes.contenttype",
  "pk": 5,
  "fields": {
    "app_label": "contenttypes",
    "model": "contenttype"
  }
},
{
  "model": "contenttypes.contenttype",
  "pk": 6,
  "fields": {
    "app_label": "sessions",
    "model": "session"
  }
},
{
  "model": "contenttypes.contenttype",
  "pk": 7,
  "fields": {
    "app_label": "tasks",
    "model": "task"
  }
},
{
  "model": "contenttypes.contenttype",
  "pk": 8,
  "fields": {
    "app_label": "tasks",
    "model": "taskimage"
  }
},
{
  "model": "contenttypes.contenttype",
  "pk": 9,
  "fields": {
    "app_label": "authtoken",
    "model": "token"
  }
},
{
  "model": "contenttypes.contenttype",
  "pk": 10,
  "fields": {
    "app_label": "authtoken",
    "model": "tokenproxy"
  }
},
{
  "model": "authtoken.token",
  "pk": "1298a9733db72d48dd57ea296c64d36f7b986f36",
  "fields": {
    "user": 1,
    "created": "2023-09-18T06:36:58.121Z"
  }
},
{
  "model": "authtoken.token",
  "pk": "2a8c5683223c5f90190fb95a35d8227998e6527d",
  "fields": {
    "user": 7,
    "created": "2023-09-18T06:51:21.886Z"
  }
},
{
  "model": "authtoken.token",
  "pk": "c435d1c56e9e65064abcf46907b4916cb631ea66",
  "fields": {
    "user": 6,
    "created": "2023-09-18T08:50:24.499Z"
  }
},
{
  "model": "tasks.taskimage",
  "pk": 14,
  "fields": {
    "image": "images/django.png"
  }
},
{
  "model": "tasks.taskimage",
  "pk": 15,
  "fields": {
    "image": "images/dart.png"
  }
},
{
  "model": "tasks.taskimage",
  "pk": 16,
  "fields": {
    "image": "images/flutter.png"
  }
},
{
  "model": "tasks.taskimage",
  "pk": 17,
  "fields": {
    "image": "images/flower.jpg"
  }
},
{
  "model": "tasks.taskimage",
  "pk": 18,
  "fields": {
    "image": "images/420120.jpg"
  }
},
{
  "model": "tasks.taskimage",
  "pk": 19,
  "fields": {
    "image": "images/tai-bui-QW89whdEClA-unsplash.jpg"
  }
},
{
  "model": "tasks.taskimage",
  "pk": 20,
  "fields": {
    "image": "images/react.png"
  }
},
{
  "model": "tasks.taskimage",
  "pk": 21,
  "fields": {
    "image": "images/flower_XFduElJ.jpg"
  }
},
{
  "model": "tasks.taskimage",
  "pk": 22,
  "fields": {
    "image": "images/420120_gutciv8.jpg"
  }
},
{
  "model": "tasks.taskimage",
  "pk": 23,
  "fields": {
    "image": "images/flower_kvuANvu.jpg"
  }
},
{
  "model": "tasks.taskimage",
  "pk": 24,
  "fields": {
    "image": "images/420120_jyU1lnd.jpg"
  }
},
{
  "model": "tasks.taskimage",
  "pk": 25,
  "fields": {
    "image": "images/flower_kYw2wX0.jpg"
  }
},
{
  "model": "tasks.taskimage",
  "pk": 26,
  "fields": {
    "image": "images/420120_ayixu5Z.jpg"
  }
},
{
  "model": "tasks.taskimage",
  "pk": 27,
  "fields": {
    "image": "images/flower_Xtw11eN.jpg"
  }
},
{
  "model": "tasks.taskimage",
  "pk": 28,
  "fields": {
    "image": "images/420120_B8ipW10.jpg"
  }
},
{
  "model": "tasks.taskimage",
  "pk": 29,
  "fields": {
    "image": "images/flower_s5r9nHr.jpg"
  }
},
{
  "model": "tasks.taskimage",
  "pk": 30,
  "fields": {
    "image": "images/420120_eo1o4Y0.jpg"
  }
},
{
  "model": "tasks.taskimage",
  "pk": 31,
  "fields": {
    "image": "images/flower_HHs7J2v.jpg"
  }
},
{
  "model": "tasks.taskimage",
  "pk": 32,
  "fields": {
    "image": "images/420120_ce7eu0E.jpg"
  }
},
{
  "model": "tasks.taskimage",
  "pk": 33,
  "fields": {
    "image": "images/flower_Az2tA84.jpg"
  }
},
{
  "model": "tasks.taskimage",
  "pk": 34,
  "fields": {
    "image": "images/420120_TJcrY1j.jpg"
  }
},
{
  "model": "tasks.taskimage",
  "pk": 35,
  "fields": {
    "image": "images/flower_O9uUcW4.jpg"
  }
},
{
  "model": "tasks.taskimage",
  "pk": 36,
  "fields": {
    "image": "images/420120_nq06owj.jpg"
  }
},
{
  "model": "tasks.taskimage",
  "pk": 37,
  "fields": {
    "image": "images/tai-bui-QW89whdEClA-unsplash_KYQBhmb.jpg"
  }
},
{
  "model": "tasks.taskimage",
  "pk": 38,
  "fields": {
    "image": "images/420120_6Jqeg13.jpg"
  }
},
{
  "model": "tasks.taskimage",
  "pk": 39,
  "fields": {
    "image": "images/dart_uVPceWQ.png"
  }
},
{
  "model": "tasks.taskimage",
  "pk": 40,
  "fields": {
    "image": "images/flutter_gAcPYoA.png"
  }
},
{
  "model": "tasks.taskimage",
  "pk": 41,
  "fields": {
    "image": "images/django_HkcjUrt.png"
  }
},
{
  "model": "tasks.taskimage",
  "pk": 42,
  "fields": {
    "image": "images/tai-bui-QW89whdEClA-unsplash_DqmVrGz.jpg"
  }
},
{
  "model": "tasks.taskimage",
  "pk": 43,
  "fields": {
    "image": "images/420120_uedYOZc.jpg"
  }
},
{
  "model": "tasks.task",
  "pk": 10,
  "fields": {
    "user": 1,
    "title": "django",
    "description": "Django is a free and open-source, Python-based web framework that follows the model–template–views architectural pattern. It is maintained by the Django Software Foundation, an independent organization established in the US as a 501 non-profit.",
    "creationDateTime": "2023-09-17T18:31:48.118Z",
    "dueDate": "2023-09-21",
    "priority": "High",
    "isCompleted": false,
    "images": [
      14
    ]
  }
},
{
  "model": "tasks.task",
  "pk": 11,
  "fields": {
    "user": 1,
    "title": "Flutter",
    "description": "Flutter is an open-source UI software development kit created by Google. It is used to develop cross platform applications from a single codebase for any web browser, Fuchsia, Android, iOS, Linux, macOS, and Windows. First described in 2015, Flutter was released in May 2017",
    "creationDateTime": "2023-09-17T18:33:17.433Z",
    "dueDate": "2023-09-22",
    "priority": "High",
    "isCompleted": true,
    "images": [
      15,
      16
    ]
  }
},
{
  "model": "tasks.task",
  "pk": 12,
  "fields": {
    "user": 1,
    "title": "Flower 1",
    "description": "A flower, sometimes known as a bloom or blossom, is the reproductive structure found in flowering plants. Flowers produce gametophytes, which in flowering plants consist of a few haploid cells which produce gametes.",
    "creationDateTime": "2023-09-17T18:35:13.706Z",
    "dueDate": "2023-09-28",
    "priority": "Low",
    "isCompleted": false,
    "images": [
      17,
      18
    ]
  }
},
{
  "model": "tasks.task",
  "pk": 15,
  "fields": {
    "user": 6,
    "title": "Flutter",
    "description": "The first version of Flutter was known as \"Sky\"[8] and ran on the Android operating system. It was unveiled at the 2015 Dart developer summit[9] with the stated",
    "creationDateTime": "2023-09-17T18:48:04.380Z",
    "dueDate": "2023-09-21",
    "priority": "High",
    "isCompleted": true,
    "images": [
      14,
      19
    ]
  }
},
{
  "model": "tasks.task",
  "pk": 16,
  "fields": {
    "user": 6,
    "title": "React",
    "description": "React is a free and open-source front-end JavaScript library for building user interfaces based on components. It is maintained by Meta and a community of individual developers and companies. React can be used to develop single-page, mobile, or server-rendered applications with frameworks like Next.js.",
    "creationDateTime": "2023-09-17T18:52:04.083Z",
    "dueDate": "2023-09-27",
    "priority": "Low",
    "isCompleted": false,
    "images": [
      20
    ]
  }
},
{
  "model": "tasks.task",
  "pk": 17,
  "fields": {
    "user": 1,
    "title": "Testing",
    "description": "test description",
    "creationDateTime": "2023-09-18T07:23:15.620Z",
    "dueDate": "2025-08-01",
    "priority": "Medium",
    "isCompleted": false,
    "images": [
      21,
      22
    ]
  }
},
{
  "model": "tasks.task",
  "pk": 21,
  "fields": {
    "user": 1,
    "title": "Testing Data",
    "description": "test description",
    "creationDateTime": "2023-09-18T07:25:54.134Z",
    "dueDate": "2025-08-01",
    "priority": "Medium",
    "isCompleted": true,
    "images": [
      23,
      24
    ]
  }
},
{
  "model": "tasks.task",
  "pk": 23,
  "fields": {
    "user": 1,
    "title": "This is Title",
    "description": "test description.",
    "creationDateTime": "2023-09-18T07:27:40.764Z",
    "dueDate": "2024-07-01",
    "priority": "High",
    "isCompleted": false,
    "images": [
      37,
      38
    ]
  }
},
{
  "model": "tasks.task",
  "pk": 24,
  "fields": {
    "user": 1,
    "title": "Testing Data3",
    "description": "test description",
    "creationDateTime": "2023-09-18T08:02:12.587Z",
    "dueDate": "2025-08-01",
    "priority": "Medium",
    "isCompleted": true,
    "images": [
      25,
      26
    ]
  }
},
{
  "model": "tasks.task",
  "pk": 25,
  "fields": {
    "user": 1,
    "title": "Testing Data4",
    "description": "test description",
    "creationDateTime": "2023-09-18T08:02:40.598Z",
    "dueDate": "2025-08-01",
    "priority": "Medium",
    "isCompleted": true,
    "images": [
      27,
      28
    ]
  }
},
{
  "model": "tasks.task",
  "pk": 26,
  "fields": {
    "user": 1,
    "title": "Testing Data5",
    "description": "test description",
    "creationDateTime": "2023-09-18T08:03:35.353Z",
    "dueDate": "2025-08-01",
    "priority": "Medium",
    "isCompleted": true,
    "images": [
      29,
      30
    ]
  }
},
{
  "model": "tasks.task",
  "pk": 27,
  "fields": {
    "user": 1,
    "title": "Testing Data6",
    "description": "test description",
    "creationDateTime": "2023-09-18T08:03:51.502Z",
    "dueDate": "2025-08-01",
    "priority": "Medium",
    "isCompleted": true,
    "images": [
      31,
      32
    ]
  }
},
{
  "model": "tasks.task",
  "pk": 28,
  "fields": {
    "user": 1,
    "title": "Testing Data7",
    "description": "test description",
    "creationDateTime": "2023-09-18T08:05:31.203Z",
    "dueDate": "2025-08-01",
    "priority": "Medium",
    "isCompleted": true,
    "images": [
      33,
      34
    ]
  }
},
{
  "model": "tasks.task",
  "pk": 32,
  "fields": {
    "user": 7,
    "title": "What is Lorem Ipsum",
    "description": "Lorem Ipsum is simply dummy text of the printing and typesetting industry. Lorem Ipsum has been the industry's standard dummy text ever since the 1500s,",
    "creationDateTime": "2023-09-18T08:55:03.936Z",
    "dueDate": "2023-08-01",
    "priority": "Low",
    "isCompleted": false,
    "images": [
      39,
      40
    ]
  }
},
{
  "model": "tasks.task",
  "pk": 33,
  "fields": {
    "user": 7,
    "title": "Why do we use it?",
    "description": "It is a long established fact that a reader will be distracted by the readable content of a page when looking at its layout.",
    "creationDateTime": "2023-09-18T08:56:13.947Z",
    "dueDate": "2023-07-02",
    "priority": "High",
    "isCompleted": false,
    "images": [
      42,
      43
    ]
  }
}
]
